Workbook

Sheet Summary
B1: Tax Accounting and Super Centre
F3: Mount Isa Qld: 07 4743 6342
F4: www.tascentre.com.au
A7: Motor Vehicle Expenses
A9: Vehicle Registration: | E9: E.g. 123 Tax
A10: Vehicle Type: | E10: E.g. Ford Flacon XR6
A11: Engine Size: | E11: E.g. 4000ml
A12: Period: | E12: E.g.1 July 2019 to 30 June 2020
A13: Beginning claim month: | B13: 43647 | E13: E.g. July 2019
A15: Claim date (calendar month) | B15: Fuel | C15: Tyres and Maintenance | D15: Registration | E15: Tyres & Maintenance | F15: Tolls | G15: Total Expenses
A16: =B13 -> 43647 | B16: =Fuel!$B27 -> 0 | C16: =Insurance!$B27 -> 0 | D16: =Registration!$B27 -> 0 | E16: ='Tyres & Maintenance'!B27 -> 0 | F16: =Tolls!$B102 -> 0 | G16: =SUM(B16:F16) -> 0
A17: =A16+31 -> 43678 | B17: =Fuel!$C27 -> 0 | C17: =Insurance!$C27 -> 0 | D17: =Registration!$C27 -> 0 | E17: ='Tyres & Maintenance'!$C27 -> 0 | F17: =Tolls!$C102 -> 0 | G17: =SUM(B17:F17) -> 0
A18: =A17+31 -> 43709 | B18: =Fuel!$D27 -> 0 | C18: =Insurance!$D27 -> 0 | D18: =Registration!$D27 -> 0 | E18: ='Tyres & Maintenance'!$D27 -> 0 | F18: =Tolls!$D102 -> 0 | G18: =SUM(B18:F18) -> 0
A19: =A18+31 -> 43740 | B19: =Fuel!$E27 -> 0 | C19: =Insurance!$E27 -> 0 | D19: =Registration!$E27 -> 0 | E19: ='Tyres & Maintenance'!$E27 -> 0 | F19: =Tolls!$E102 -> 0 | G19: =SUM(B19:F19) -> 0
A20: =A19+31 -> 43771 | B20: =Fuel!$F27 -> 0 | C20: =Insurance!$F27 -> 0 | D20: =Registration!$F27 -> 0 | E20: ='Tyres & Maintenance'!$F27 -> 0 | F20: =Tolls!$F102 -> 0 | G20: =SUM(B20:F20) -> 0
A21: =A20+31 -> 43802 | B21: =Fuel!$G27 -> 0 | C21: =Insurance!$G27 -> 0 | D21: =Registration!$G27 -> 0 | E21: ='Tyres & Maintenance'!$G27 -> 0 | F21: =Tolls!$G102 -> 0 | G21: =SUM(B21:F21) -> 0
A22: =A21+31 -> 43833 | B22: =Fuel!$H27 -> 0 | C22: =Insurance!$H27 -> 0 | D22: =Registration!$H27 -> 0 | E22: ='Tyres & Maintenance'!$H27 -> 0 | F22: =Tolls!$H102 -> 0 | G22: =SUM(B22:F22) -> 0
A23: =A22+31 -> 43864 | B23: =Fuel!$I27 -> 0 | C23: =Insurance!$I27 -> 0 | D23: =Registration!$I27 -> 0 | E23: ='Tyres & Maintenance'!$I27 -> 0 | F23: =Tolls!$I102 -> 0 | G23: =SUM(B23:F23) -> 0
A24: =A23+31 -> 43895 | B24: =Fuel!$J27 -> 0 | C24: =Insurance!$J27 -> 0 | D24: =Registration!$J27 -> 0 | E24: ='Tyres & Maintenance'!$J27 -> 0 | F24: =Tolls!$J102 -> 0 | G24: =SUM(B24:F24) -> 0
A25: =A24+31 -> 43926 | B25: =Fuel!$K27 -> 0 | C25: =Insurance!$K27 -> 0 | D25: =Registration!$K27 -> 0 | E25: ='Tyres & Maintenance'!$K27 -> 0 | F25: =Tolls!$K102 -> 0 | G25: =SUM(B25:F25) -> 0
A26: =A25+31 -> 43957 | B26: =Fuel!$L27 -> 0 | C26: =Insurance!$L27 -> 0 | D26: =Registration!$L27 -> 0 | E26: ='Tyres & Maintenance'!$L27 -> 0 | F26: =Tolls!$L102 -> 0 | G26: =SUM(B26:F26) -> 0
A27: =A26+31 -> 43988 | B27: =Fuel!$M27 -> 0 | C27: =Insurance!$M27 -> 0 | D27: =Registration!$M27 -> 0 | E27: ='Tyres & Maintenance'!$M27 -> 0 | F27: =Tolls!$M102 -> 0 | G27: =SUM(B27:F27) -> 0
A29: Total | B29: =SUM(B16:B28) -> 0 | C29: =SUM(C16:C28) -> 0 | D29: =SUM(D16:D28) -> 0 | E29: =SUM(E16:E28) -> 0 | F29: =SUM(F16:F28) -> 0 | G29: =SUM(B29:F29) -> 0
A32: © Tax, Accounting And Super Centre 2014

Sheet Fuel
D1: Tax Accounting and Super Centre | I1: www.tascentre.com.au
I3: Mount Isa Qld: 07 4743 6342
I4: Parap NT: 08 8941 3900
D7: Motor Vehicle Expenses - Fuel
A10: Claim date (calendar month) | B10: =Summary!B13 -> 43647 | C10: =B10+31 -> 43678 | D10: =C10+31 -> 43709 | E10: =D10+31 -> 43740 | F10: =E10+31 -> 43771 | G10: =F10+31 -> 43802 | H10: =G10+31 -> 43833 | I10: =H10+31 -> 43864 | J10: =I10+31 -> 43895 | ... M10: =L10+31 -> 43988
A11: Fuel value 1
A12: Fuel value 2
A13: Fuel value 3
A14: Fuel value 4
A15: Fuel value 5
A16: Fuel value 6
A17: Fuel value 7
A18: Fuel value 8
A19: Fuel value 9
A20: Fuel value 10
A21: Fuel value 11
A22: Fuel value 12
... A25: Fuel value 15
A27: Total | B27: =SUM(B11:B26) -> 0 | C27: =SUM(C11:C26) -> 0 | D27: =SUM(D11:D26) -> 0 | E27: =SUM(E11:E26) -> 0 | F27: =SUM(F11:F26) -> 0 | G27: =SUM(G11:G26) -> 0 | H27: =SUM(H11:H26) -> 0 | I27: =SUM(I11:I26) -> 0 | ... M27: =SUM(M11:M26) -> 0
A30: © Tax, Accounting And Super Centre 2014

Sheet Insurance
D1: Tax Accounting and Super Centre | I1: www.tascentre.com.au
I3: Mount Isa Qld: 07 4743 6342
I4: Parap NT: 08 8941 3900
D7: Motor Vehicle Expenses - Insurance
A10: Claim date (calendar month) | B10: =Summary!B13 -> 43647 | C10: =B10+31 -> 43678 | D10: =C10+31 -> 43709 | E10: =D10+31 -> 43740 | F10: =E10+31 -> 43771 | G10: =F10+31 -> 43802 | H10: =G10+31 -> 43833 | I10: =H10+31 -> 43864 | J10: =I10+31 -> 43895 | ... M10: =L10+31 -> 43988
A11: Expense Value 1
A12: Expense Value 2
A13: Expense Value 3
A14: Expense Value 4
A15: Expense Value 5
A16: Expense Value 6
A17: Expense Value 7
A18: Expense Value 8
A19: Expense Value 9
A20: Expense Value 10
A21: Expense Value 11
A22: Expense Value 12
... A25: Expense Value 15
A27: Total | B27: =SUM(B11:B26) -> 0 | C27: =SUM(C11:C26) -> 0 | D27: =SUM(D11:D26) -> 0 | E27: =SUM(E11:E26) -> 0 | F27: =SUM(F11:F26) -> 0 | G27: =SUM(G11:G26) -> 0 | H27: =SUM(H11:H26) -> 0 | I27: =SUM(I11:I26) -> 0 | ... M27: =SUM(M11:M26) -> 0
A30: © Tax, Accounting And Super Centre 2014

Sheet Registration
D1: Tax Accounting and Super Centre | I1: www.tascentre.com.au
I3: Mount Isa Qld: 07 4743 6342
I4: Parap NT: 08 8941 3900
D7: Motor Vehicle Expenses - Registration
A10: Claim date (calendar month) | B10: =Summary!B13 -> 43647 | C10: =B10+31 -> 43678 | D10: =C10+31 -> 43709 | E10: =D10+31 -> 43740 | F10: =E10+31 -> 43771 | G10: =F10+31 -> 43802 | H10: =G10+31 -> 43833 | I10: =H10+31 -> 43864 | J10: =I10+31 -> 43895 | ... M10: =L10+31 -> 43988
A11: Expense Value 1
A12: Expense Value 2
A13: Expense Value 3
A14: Expense Value 4
A15: Expense Value 5
A16: Expense Value 6
A17: Expense Value 7
A18: Expense Value 8
A19: Expense Value 9
A20: Expense Value 10
A21: Expense Value 11
A22: Expense Value 12
... A25: Expense Value 15
A27: Total | B27: =SUM(B11:B26) -> 0 | C27: =SUM(C11:C26) -> 0 | D27: =SUM(D11:D26) -> 0 | E27: =SUM(E11:E26) -> 0 | F27: =SUM(F11:F26) -> 0 | G27: =SUM(G11:G26) -> 0 | H27: =SUM(H11:H26) -> 0 | I27: =SUM(I11:I26) -> 0 | ... M27: =SUM(M11:M26) -> 0
A30: © Tax, Accounting And Super Centre 2014

Sheet Tyres & Maintenance
D1: Tax Accounting and Super Centre | I1: www.tascentre.com.au
I3: Mount Isa Qld: 07 4743 6342
I4: Parap NT: 08 8941 3900
A7: Motor Vehicle Expenses - Tyres & Maintainance
A10: Claim date (calendar month) | B10: =Summary!B13 -> 43647 | C10: =B10+31 -> 43678 | D10: =C10+31 -> 43709 | E10: =D10+31 -> 43740 | F10: =E10+31 -> 43771 | G10: =F10+31 -> 43802 | H10: =G10+31 -> 43833 | I10: =H10+31 -> 43864 | J10: =I10+31 -> 43895 | ... M10: =L10+31 -> 43988
A11: Expense Value 1
A12: Expense Value 2
A13: Expense Value 3
A14: Expense Value 4
A15: Expense Value 5
A16: Expense Value 6
A17: Expense Value 7
A18: Expense Value 8
A19: Expense Value 9
A20: Expense Value 10
A21: Expense Value 11
A22: Expense Value 12
... A25: Expense Value 15
A27: Total | B27: =SUM(B11:B26) -> 0 | C27: =SUM(C11:C26) -> 0 | D27: =SUM(D11:D26) -> 0 | E27: =SUM(E11:E26) -> 0 | F27: =SUM(F11:F26) -> 0 | G27: =SUM(G11:G26) -> 0 | H27: =SUM(H11:H26) -> 0 | I27: =SUM(I11:I26) -> 0 | ... M27: =SUM(M11:M26) -> 0
A29: © Tax, Accounting And Super Centre 2014

Sheet Tolls
D1: Tax Accounting and Super Centre | I1: www.tascentre.com.au
I3: Mount Isa Qld: 07 4743 6342
I4: Parap NT: 08 8941 3900
D7: Motor Vehicle Expenses - Tolls
A10: Claim date (calendar month) | B10: =Summary!B13 -> 43647 | C10: =B10+31 -> 43678 | D10: =C10+31 -> 43709 | E10: =D10+31 -> 43740 | F10: =E10+31 -> 43771 | G10: =F10+31 -> 43802 | H10: =G10+31 -> 43833 | I10: =H10+31 -> 43864 | J10: =I10+31 -> 43895 | ... M10: =L10+31 -> 43988
A11: Expense Value1
A12: Expense Value2
A13: Expense Value3
A14: Expense Value4
A15: Expense Value5
A16: Expense Value6
A17: Expense Value7
A18: Expense Value8
A19: Expense Value9
A20: Expense Value10
A21: Expense Value11
A22: Expense Value12
... A100: Expense Value90
A102: Total | B102: =SUM(B11:B101) -> 0 | C102: =SUM(C11:C101) -> 0 | D102: =SUM(D11:D101) -> 0 | E102: =SUM(E11:E101) -> 0 | F102: =SUM(F11:F101) -> 0 | G102: =SUM(G11:G101) -> 0 | H102: =SUM(H11:H101) -> 0 | I102: =SUM(I11:I101) -> 0 | ... M102: =SUM(M11:M101) -> 0
A106: © Tax, Accounting And Super Centre 2014
